canonical_brand,aliases
#HASH,HASH
#Juan-Roll,JUAN-ROLL | #Juan | #JUAN-ROLL
1 Off,
1906,
1937,
1937-2,
1SLICE,
5 Boro,5-Boro | 5 BORO | 5 Boro-7
6 Points Cannabis,6 Point Cannabis
716 Sticky,
A Walk In The Pines,
ADK Hemp Co,
Aeterna,Aeterna Cannabis
Akron Bloom,
Alchemy Pure,Alchemey Pure
Alibi,ALIBI
Alien Labs,
All That Chocolate,All that Chocolate
Alpine Agronomy,Alpine Agonomy
Alter Ego Edibles,
American Donut Maker,American Donut Makers
American Hash Makers,American Hash Maker | American Hash Makers-6
Amnesia,
Animal House,
Anthem,
Aphrodite,
Apollo,
Ayrloom,ayrloom | AYRLOOM | Ayrloom-2
B-Side,B-Side Cannabis | B Side Cannabis
Back Home Cannabis Co.,Back Home Cannabis | Back Home Farms
Binske,BINSKE
Bison Botanics,BISON | Bison Botanincs
Blossom Buffalo,
Blotter,BLOTTER
Bob Marley,BOB MARLEY
Bodega Boys,BODEGA BOYZ
Bonanza,
Booty Shake,Booty Shake-4
Bouket,BOUKET | Bouket-2
Boutiq,BOUTIQ
Brass Knuckles,BRASS KNUCKLES
BudJet,
Buff Puff,BuffPuff
Calamity Jane,
CAM,
Camino,Camino Sours
Canna Cure,
Canna Dots,
Cannabaceae,
Cannabals,CANNABALS
Cannaspace,
Cheetah,CHEETAH
Cheevo,
Circle Hill,Circle Hill Farm | Circle Hill Rosin
Connected,
Cosmos!,Cosmos
Crown Genetics,
CRU,CRU-8
Dank,
Dark Star,DARK STAR
DKC,
Doja,
Donut,
Dr. Jekyll & Mr. High,Dr. Jekyll and Mr. High-3
Ducksauce,
Eaton,EATON | EATON BOTANICALS | Eaton Botanicals
Edie Parker,EDIE PARKER
Empire,
Empire Cannabis,EMPIRE CANNABIS | Empire Cannabis-6
Empire Hemp Co,Empire Hemp Co.
EUREKA,Eureka
Farmer Jim's,Farmer Jim’s | Farmer Jim
Fernway,FERNWAY | Fernway-1
Finca,
Find,FIND | Find.
Florette,
Florist Farms,FLORIST FARMS | Florist Farms-3
Flwr City,FLWR City
Friends with Flower,Friends with Flower-6
Geek THCX,GEEK THCX
Generic AF,GENERIC AF
Gentleman Smugglers,Gentleman Smugglers-7
Glennas,
GOAT,GOAT-6
Golden Gardens,Golden Garden
Good Green,
Good Tide,Good Tide-1
GoodLyfe,GOODLYFE
Goodness,Goodness-3 | I Am Goodness | I am Goodness
Grams,
Grassroots,GRASSROOTS-DARK HEART-
Green Revolution,
Green Room Cannabis,
Green Spectrum,
Greenside Cannabis,Greenside
Grocery,grocery
Grow 716,Grow716
Grön,Gron
GS Kingpin,
Harney Brothers,Harney Bros
Hashtag Honey,HashTag Honey
Head & Heal,Head and Heel
Heady Tree,
Heavy Hitters,
Hepworth,HEPWORTH | Hepworth-4
Her Highness,
Herb,HERB
HI*AF,Hi*AF | Hi*AF-2
HiColor,HiColor-2
High 5,
High Ambitions,
High Falls Canna,HIGH FALLS CANNA NY
High Life,
High Mart,
High Peaks,HIGH PEAKS | High Peaks-1
HiiSTIX,HiiStix
Honest Paws,
House of Sacci,House Of Sacci
Hudson Cannabis,Hudson Cannabis-3
Hyer Kind,
I Am Goodness,I am Goodness
Incredibles,
Ithaca Organics,
Jams,
Jaunty,
Jetpacks,JetPacks | Jetpacks-8
Jive,JIVE | JIVE-5
KIAN,Kian
Kiefers,
Kings & Queens,Kings & Queens-2
Kings Road,KINGS ROAD | King's Road | Kingsroad
Kiva,KIVA
KLAUS,
Knack,KNACK
Kombucha,
LAX Packs,
Layup,layup | LayUp | Lay Up
LeadFarmer,Lead Farmer | LEADFARMER
Level,LEVEL
LIONS MANE TREE'S,Lions Mane Trees | Lions Mane
Lit by the Lake,Lit By The Lake
Littles,
Littles Flaves,
LivWell,LIVWELL
Lost Farm,
LOVE OUI'D,love Oui'd
Lowell,Lowell Herb Co.
Luci,LUCI
Magic Garden Botanicals,
Magnitude,
Mama's 420 Garden,
Matter,Matter.
Mayhem,Mayhem-6
Mechanic Farm,
Mega,MEGA
MFNY,MFNY-6
MFUSED,
Mind Melters,
Mini Mart,Mini MART | mini MART | MiniMart
Monarchy,Monarchy-8
Moods,MOODS
Moondust,
Moonlit Hash Co.,Moonlit Hash Co
Moony's Zooties,Moonys Zooties
MVP,
Nama,
Nanti Nitro,NANTI NITRO
Nanticoke,NANTICOKE | Nanticoke-7
Native Nations Cannabis,Native Nations Cannabis-5
Naturel Xotics,
New York Honey,NY Honey Oil | New York Honey-8
Next,NEXT
Nickel,
Noizey,NoiZey
NOM NOM,Nom Nom | Nom Nom Edible Co
Nursery Brand,
Nyce,NYCE
O-Yeah,O-YEAH | O-Yeah!
Oasis Cannabis,
Off Hours,OFF HOURS
oHHo,
Olio,OLIO
Out East Canna,
Outrankd,OUTRANKD
P&B,
P3,
PAX,Pax
PC Nursery,
PICC,Picc
Pines,PINES
Pixie,PIXIE
Pixii,PIXII
Pot & Head,Pot & Head-8
Puff,PUFF | PUFF-4
PUMA,Puma
Ready 2 Roll,Ready2Roll | Ready to Roll-7 | Ready2Roll
Revivial,Revival | Revert
Rolling Green,
Rosin Crafted,
Rove,ROVE
Royal Leaf,
Ruby Farms,Ruby Farms-6
Runtz,
Rythm,
Satori,
Select,
Senior Moments,
Sensei,
Silly Nice,SiLLY NiCE
Skyworld,SkyWorld
SMACK.,Smack | SMACK
Smart Bud,Smartbud | SmartBud
Smoakland,
Smoke,SMOKE
Smutty Buffalo Drink Co,
Snobby Dankins,
Snoozy,SNOOZY
Snowbelt Cannabis,
Soft Power Sweets,
Space Poppers,
Spacebuds,SpaceBuds | Space buds | Spacebuds-8
Stash Queen,STASH QUEEN
State Of Mind,STATE OF MIND | State of Mind
Sticky's Weed Farm,
Stiiizy,STIIIZY
Sunday,
SunDrift,Sun Drift
Super Dope,Superdope
Supernaturals,Super Naturals
Sushi Hash,SUSHI HASH | Sushi hash
Suspect,
The Kolektor,
Therapy,THERAPY
Tical,
Toast,TOAST
Trout & Co.,Trout & Co | Trout and Co | Trout & Co
Tune,TUNE
Turn,
Twic3 Bak3d,TWIC3 BAK3D
Umamii,UMAMII
Untitled,untitled | Untitled-8
UpState Craft,
UrbanXtracts,URBAN XTRACTS
Veterans Choice Creations,Veteran's Choice Creation's-8 | Veteran's Choice Creations
Wanna Jive,Wanna JIVE
Wizard Trees,
Wyld,WYLD | WYLD-1
ZOO,Zoo | Zoo Canna
BWFW,
Benny Batch x Rec Roots x East Leaf,
Blazy Susan,
Blinksy,
Boveda,
Bubbler,
Camo,
Cartisan,
Clipper,
Dirty Lemonade,
Doob Tube,
Doobie Labs,
East Leaf,
Eaton Botanicals,
Gage Farms,
Glass Bong,
Glob Mops,
Go Stick,
Golden Garden,
Green Room,
Greenside,
Greeting Card,
Grinder,
Gron,
Jeeter,
Jetty,
Josh Taggart,
Juicy,
Jungle Girl,
KOA,
King Palm,
Lookah,
M4B Pro,
MJ Arsenal,
Oasis,
Ooze,
Papa & Barkley,
Preferred Gardens,
Puffco,
Randy's,
Randys,
Raw,
Rec Roots,
Revert,
Revival,
Scorch,
SmartBud,
Smoothie Bar,
Solar Lite,
Spoon,
Stay Melo,
Storage Bag,
Terpene Alchemy,
The Botanist,
The Original,
To The Moon,
Trout & Co,
Tyson 2.0,
Vireo,
Vlasic,
Waferz,
Wana,
Weed Water,
White Rhino,
